3Cnergy,502,Real Estate
8Telecom,AZG,Technology Equipment
A-Smart,BQC,Industrial & Commercial Services
A-Sonic Aero,BTJ,Transportation
AA,5GZ,Industrial Goods
ABR,533,Food & Beverages
Abterra,L5I,Energy - Fossil Fuels
Abundance Intl,541,Industrial & Commercial Services
Accordia Golf Tr,ADQU,Cyclical Consumer Services
Accrelist Ltd,QZG,Technology Equipment
Ace Achieve Info,A75,Technology Equipment
Acesian Partners,5FW,Industrial & Commercial Services
Acma,AYV,Industrial Goods
Acromec,43F,Industrial & Commercial Services
Addvalue Tech,A31,Technology Equipment
Advanced,BLZ,Energy - Fossil Fuels
Advanced Systems,5TY,Technology Equipment
Advancer Global,43Q,Industrial & Commercial Services
Adventus,5EF,Industrial & Commercial Services
AEI,AWG,Mineral Resources
AEM,AWX,Industrial Goods
AF Global,L38,Cyclical Consumer Services
AGV,1A4,Mineral Resources
AIMS APAC Reit,O5RU,Real Estate
AIMS Property,BVP,Real Estate
AliPictures HKD,S91,Cyclical Consumer Services
Alita Resources,40F,Mineral Resources
Alliance HC,MIJ,Healthcare Services
Allied Tech,A13,Industrial Goods
Alpha Energy,5TS,Software & IT Services
Amara,A34,Cyclical Consumer Services
AMOS,RF7,Industrial Goods
Amplefield Ltd,AOF,Technology Equipment
AnAn Intl,Y35,Energy - Fossil Fuels
Anchor Resources,43E,Mineral Resources
Anchun Intl,BTX,Industrial Goods
AnnAik,A52,Mineral Resources
AnnAik R,GMJR,
AnnAik R1,ZK0R,
Annica,5AL,Energy - Fossil Fuels
Aoxin Q & M,1D4,Healthcare Services
AP Oil,5AU,Energy - Fossil Fuels
APAC Realty,CLN,Real Estate
ARA HTrust USD,XZL,Real Estate
Arion Ent,YYB,Cyclical Consumer Services
Artivision Tech,5NK,Software & IT Services
Ascendas Reit,A17U,Real Estate
Ascendas-hTrust,Q1P,Real Estate
Ascendas-iTrust,CY6U,Real Estate
Ascott Reit,A68U,Real Estate
Asia Enterprises,A55,Mineral Resources
Asia Fashion,BQI,Cyclical Consumer Products
Asia Vets,5RE,Technology Equipment
AsiaMedic,505,Healthcare Services
Asian Healthcare,1J3,Healthcare Services
Asian Micro,585,Industrial & Commercial Services
Asian Pay Tv Tr,S7OU,Cyclical Consumer Services
AsiaPhos,5WV,Chemicals
Asiatic,5CR,Industrial Goods
Asiatravel.com,5AM,Software & IT Services
ASL Marine,A04,Industrial Goods
Aspen,1F3,Real Estate
Aspial,A30,Real Estate
Astaka,42S,Real Estate
ASTI,575,Industrial Goods
Atlantic Nav,5UL,Mineral Resources
Attilan,5ET,Banking & Investment Services
AusGroup,5GJ,Energy - Fossil Fuels
Avarga,U09,Applied Resources
Avi-Tech,BKY,Technology Equipment
AVIC,O2I,Industrial & Commercial Services
AVJennings A$,A05,Real Estate
Axcelasia,42U,Industrial & Commercial Services
Ayondo,1I5,Banking & Investment Services
Azeus,BBW,Software & IT Services
B&M Hldg,CJN,Banking & Investment Services
Baker Technology,BTP,Energy - Fossil Fuels
Ban Leong,B26,Technology Equipment
Banyan Tree,B58,Cyclical Consumer Services
BBR,KJ5,Industrial & Commercial Services
Beng Kuang,BEZ,Industrial & Commercial Services
Berlian LajuTank,B66,Transportation
Best World,CGN,Personal & Household Products & Services
BH Global,BQN,Industrial Goods
BHG Retail Reit,BMGU,Real Estate
Biolidics,8YY,Healthcare Services
BlackGoldNatural,41H,Energy - Fossil Fuels
Blumont,A33,Industrial & Commercial Services
BMM,I9T,Chemicals
Boldtek,5VI,Real Estate
Bonvests,B28,Cyclical Consumer Services
Boustead,F9D,Industrial & Commercial Services
Boustead Proj,AVM,Industrial & Commercial Services
BRC Asia,BEC,Industrial Goods
BreadTalk,CTN,Cyclical Consumer Services
Broadway Ind,B69,Industrial Goods
Brook Crompton,AWC,Industrial Goods
Bukit Sembawang,B61,Real Estate
Bumitama Agri,P8Z,Food & Beverages
Bund Center,BTE,Real Estate
C&G Env Protect,D79,Cyclical Consumer Products
Cache Log Trust,K2LU,Real Estate
Cacola,D2U,Cyclical Consumer Products
Camsing Hc,BAC,Retailers
CapitaCom Trust,C61U,Real Estate
Capital World,1D5,Real Estate
CapitaLand,C31,Real Estate
CapitaMall Trust,C38U,Real Estate
CapitaR China Tr,AU8U,Real Estate
Captii,AWV,Telecommunications Services
Casa,C04,Cyclical Consumer Products
CDL HTrust,J85,Real Estate
CDW,BXE,Technology Equipment
CEI,AVV,Technology Equipment
Centurion,OU8,Real Estate
CFM,5EB,Mineral Resources
CH Offshore,C13,Energy - Fossil Fuels
Challenger,573,Retailers
Charisma Energy,5QT,Industrial & Commercial Services
Chasen,5NV,Industrial & Commercial Services
ChasWood Res,5TW,Cyclical Consumer Services
Chemical Ind,C05,Chemicals
Cheung Woh,C50,Industrial Goods
China Aviation,G92,Energy - Fossil Fuels
China Env,5OU,Industrial & Commercial Services
China Env Res,RS1,Industrial & Commercial Services
China Essence,G54,Food & Beverages
China Everbright,U9E,Utilities
China Fishery,B0Z,Food & Beverages
China Gaoxian,AZZ,Cyclical Consumer Products
China Great Land,D50,Cyclical Consumer Products
China Haida,C92,Mineral Resources
China Hongxing,BR9,Cyclical Consumer Products
China Intl,BEH,Industrial & Commercial Services
China Jinjiang,BWM,Industrial & Commercial Services
China Jishan,J18,Cyclical Consumer Products
China Mining,BHD,Real Estate
China Paper,C71,Applied Resources
China Real Estate,5RA,Personal & Household Products & Services
China Sky Chem,E90,Cyclical Consumer Products
China Sports,FQ8,Cyclical Consumer Products
China Star Food,42W,Cyclical Consumer Products
China Sunsine,CH8,Chemicals
China Taisan,AZW,Cyclical Consumer Products
China Yuanbang,BCD,Real Estate
ChinaKangdaFood,P74,Food & Beverages
ChinaKundaTech,GU5,Automobiles & Auto Parts
Chinese Global,5CJ,Industrial & Commercial Services
Chip Eng Seng,C29,Real Estate
Chip Eng Seng R,8I7R,
Chip Eng Seng R1,9CNR,
Choo Chiang,42E,Industrial Goods
Chuan Hup,C33,Technology Equipment
Citic Envirotech,CEE,Industrial & Commercial Services
Citicode,5FH,Mineral Resources
CityDev,C09,Real Estate
Civmec,P9D,Industrial & Commercial Services
Clearbridge,1H3,Healthcare Services
CNA,5GC,Industrial & Commercial Services
CNMC Goldmine,5TP,Mineral Resources
Colex,567,Industrial & Commercial Services
Combine Will,N0Z,Cyclical Consumer Products
ComfortDelGro,C52,Transportation
Cordlife,P8A,Healthcare Services
Cortina,C41,Retailers
COSCO SHP SG,F83,Industrial Goods
CosmoSteel,B9S,Mineral Resources
Courage Inv,CIN,Transportation
CPH,539,Technology Equipment
Creative,C76,Technology Equipment
CromwellReit EUR,CNNU,Real Estate
CromwellReit SGD,CSFU,
CSC,C06,Industrial & Commercial Services
CSE Global,544,Software & IT Services
CWX Global,594,Cyclical Consumer Products
DairyFarm USD,D01,Food & Drug Retailing
Darco Water Tech,BLR,Industrial & Commercial Services
Dasin Retail Tr,CEDU,Real Estate
Datapulse Tech,BKW,Technology Equipment
DBS,D05,Banking & Investment Services
Debao Property,BTF,Real Estate
Del Monte Pac,D03,Food & Beverages
Delfi,P34,Food & Beverages
Design Studio,D11,Cyclical Consumer Products
DISA,532,Industrial Conglomerates
DLF,KUX,Industrial & Commercial Services
Dragon,MT1,Industrial Goods
Dukang,BKV,Food & Beverages
Dutech,CZ4,Technology Equipment
Duty Free Intl,5SO,Transportation
Dyna-Mac,NO4,Industrial Goods
Dynamic Colours,D6U,Chemicals
Eagle HTrust USD,LIW,Real Estate
EC World Reit,BWCU,Real Estate
EcoWise,5CT,Industrial & Commercial Services
Edition,5HG,Software & IT Services
Eindec,42Z,Industrial Goods
Elec & Eltek USD,E16,Technology Equipment
Ellipsiz,BIX,Technology Equipment
EMAS Offshore,UQ4,
EMS Energy,42O,Energy - Fossil Fuels
Eneco Energy,R14,Transportation
EnGro,S44,Mineral Resources
Envictus,BQD,Food & Beverages
Enviro-Hub,L23,Industrial & Commercial Services
Epicentre,5MQ,Technology Equipment
ES,5RC,Industrial Goods
ESR-REIT,J91U,Real Estate
ETC Singapore,1C0,Industrial Goods
EuroSports Gbl,5G1,Retailers
Excelpoint,BDF,Technology Equipment
Ezion,5ME,Energy - Fossil Fuels
Ezra,5DN,Energy - Fossil Fuels
F & N,F99,Food & Beverages
Fabchem China,BFT,Chemicals
Falcon Energy,5FL,Energy - Fossil Fuels
Far East,5TJ,Industrial Goods
Far East HTrust,Q5T,Real Estate
Far East Orchard,O10,Real Estate
Federal Int,BDU,Energy - Fossil Fuels
Figtree,5F4,Real Estate
First Reit,AW9U,Real Estate
First Resources,EB5,Food & Beverages
First Sponsor,ADN,Real Estate
FJ Benjamin,F10,Retailers
Food Empire,F03,Food & Beverages
Forise Intl,I5H,Industrial & Commercial Services
FortressMinerals,OAJ,Mineral Resources
Fortune Reit HKD,F25U,Real Estate
Fragrance,F31,Real Estate
Frasers Com Tr,ND8U,Real Estate
Frasers Cpt Tr,J69U,Real Estate
Frasers HTrust,ACV,Real Estate
Frasers L&I Tr,BUOU,Real Estate
Frasers L&I Tr  AUD,BWQU,
Frasers Property,TQ5,Real Estate
Frencken,E28,Industrial Goods
FSL Trust,D8DU,Transportation
Fu Yu,F13,Industrial Goods
Fuji Offset,508,Industrial & Commercial Services
Fujian Zhenyun,5KT,Cyclical Consumer Products
Full Apex,BTY,Applied Resources
Fuxing China,AWK,Cyclical Consumer Products
G Invacom,QS9,Technology Equipment
G K Goh,G41,Banking & Investment Services
Gallant Venture,5IG,Automobiles & Auto Parts
GCCP,41T,Mineral Resources
GDS Global,5VP,Cyclical Consumer Products
Genting Sing,G13,Cyclical Consumer Services
Geo Energy Res,RE4,Energy - Fossil Fuels
GKE,595,Transportation
GL,B16,Cyclical Consumer Services
Global Dragon,586,Industrial & Commercial Services
Global Inv,B73,Collective Investments
Global Palm Res,BLW,Food & Beverages
Global Testing,AYN,Technology Equipment
Golden Agri-Res,E5H,Food & Beverages
Golden Energy,AUE,Energy - Fossil Fuels
Goodland,5PC,Real Estate
GP Industries,G20,Industrial Goods
Grand Banks,G50,Cyclical Consumer Products
Grand Venture,JLB,Industrial Goods
Great Eastern,G07,Insurance
Green Build,Y06,Food & Beverages
GRP,BLU,Cyclical Consumer Products
GS Hldg,43A,Industrial & Commercial Services
GSH,BDX,Cyclical Consumer Services
GSS Energy,41F,Industrial Goods
Guoan Intl,G11,Industrial & Commercial Services
GuocoLand,F17,Real Estate
GYP Properties,AWS,Cyclical Consumer Services
Hafary,5VS,Cyclical Consumer Products
Hai Leck,BLH,Energy - Fossil Fuels
Halcyon Agri,5VJ,Automobiles & Auto Parts
Hanwell,DM0,Applied Resources
Hatten Land,PH0,Real Estate
Haw Par,H02,
HC Surgical,1B1,Healthcare Services
HealthBank,40B,Cyclical Consumer Services
Healthway Med,5NG,Healthcare Services
Heatec Jietong,5OR,Industrial & Commercial Services
Heeton,5DP,Real Estate
Hengyang Petro,5PD,Energy - Fossil Fuels
HG Metal,BTG,Mineral Resources
Hi-P,H17,Industrial Goods
Hiap Hoe,5JK,Real Estate
Hiap Seng,510,Energy - Fossil Fuels
Hiap Tong,5PO,Banking & Investment Services
HL Global Ent,AVX,Cyclical Consumer Services
HMI,588,Healthcare Services
Ho Bee Land,H13,Real Estate
Hock Lian Seng,J2T,Industrial & Commercial Services
Hoe Leong,H20,Industrial Goods
Hong Fok,H30,Real Estate
Hong Lai Huat,CTO,Real Estate
Hong Leong Asia,H22,Automobiles & Auto Parts
Hong Leong Fin,S41,Banking & Investment Services
HongkongLand USD,H78,Real Estate
Hor Kew,BBP,Industrial & Commercial Services
Hosen,5EV,Food & Beverages
Hotel Grand,H18,Cyclical Consumer Services
Hotel Royal,H12,Cyclical Consumer Services
Hotung Inv,BLS,Banking & Investment Services
HPH Trust SGD,P7VU,
HPH Trust USD,NS8U,Transportation
HPL,H15,Cyclical Consumer Services
HRnetGroup,CHZ,Industrial & Commercial Services
Hu An Cable,KI3,Industrial Goods
HuanHsin,H16,Industrial Goods
Huationg Global,41B,Industrial & Commercial Services
Hupsteel,BMH,Mineral Resources
Hwa Hong,H19,Real Estate
Hyflux,600,Utilities
Hyphens Pharma,1J5,
ICP Ltd,5I4,Mineral Resources
IEV,5TN,Energy - Fossil Fuels
IFAST,AIY,Banking & Investment Services
IFS Capital,I49,Banking & Investment Services
IHH,Q0F,Healthcare Services
Imperium Crown,5HT,Cyclical Consumer Services
Inch Kenneth,I4R,Applied Resources
Indofood Agri,5JS,Food & Beverages
Informatics,BOU,Personal & Household Products & Services
InnoPac,I26,Banking & Investment Services
InnoTek,M14,Technology Equipment
Interra Resource,5GI,Energy - Fossil Fuels
Intl Cement,KUO,Mineral Resources
Intraco,I06,Industrial & Commercial Services
IP Softcom,571,Software & IT Services
IPC Corp,AZA,Real Estate
IPS Securex,42N,Technology Equipment
IREIT Global,UD1U,Real Estate
ISDN,I07,Industrial Goods
ISEC,40T,Healthcare Services
Isetan,I15,Retailers
ISOTeam,5WF,Industrial & Commercial Services
IX Biopharma,42C,
Jackspeed,J17,Automobiles & Auto Parts
Jadason,J03,Technology Equipment
Japan Foods,5OI,Cyclical Consumer Services
Japfa,UD2,Food & Beverages
Jardine C&C,C07,Automobiles & Auto Parts
Jason Marine,5PF,Technology Equipment
Jasper Inv,FQ7,Energy - Fossil Fuels
Jawala,1J7,Applied Resources
JB Foods,BEW,Food & Beverages
JCG Investment,VFP,Mineral Resources
JEP,1J4,Industrial Goods
JES Intl,EG0,Industrial Goods
Jiutian Chemical,C8R,Chemicals
JMH USD,J36,Industrial Conglomerates
Joyas Intl,E9L,Cyclical Consumer Products
JSH USD,J37,Industrial Conglomerates
Jubilee,NHD,Industrial Goods
Jumbo,42R,Cyclical Consumer Services
Karin Tech,K29,Technology Equipment
Katrina,1A0,Cyclical Consumer Services
Kencana Agri,BNE,Food & Beverages
Keong Hong,5TT,Industrial & Commercial Services
Kep Infra Tr,A7RU,Utilities
KepPacOakReitUSD,CMOU,Real Estate
Keppel Corp,BN4,Industrial Conglomerates
Keppel DC Reit,AJBU,Real Estate
Keppel Reit,K71U,Real Estate
Khong Guan,K03,Food & Beverages
KimHeng Offshore,5G2,Energy - Fossil Fuels
Kimly,1D0,Cyclical Consumer Services
King Wan,554,Industrial & Commercial Services
KingsmenCreative,5MZ,Industrial & Commercial Services
Kitchen Culture,5TI,Retailers
KLW,504,Cyclical Consumer Products
Koda,BJZ,Cyclical Consumer Products
Koh Bros,K75,Industrial & Commercial Services
Koh Eco,5HV,Industrial & Commercial Services
Koon,5DL,Industrial & Commercial Services
KOP,5I1,Cyclical Consumer Services
Kori,5VC,Industrial & Commercial Services
Koufu,VL6,Cyclical Consumer Services
Koyo Intl,5OC,Industrial & Commercial Services
KrisEnergy,SK3,Energy - Fossil Fuels
KS Energy,578,Industrial Goods
KSH,ER0,Industrial & Commercial Services
KTL Global,EB7,Energy - Fossil Fuels
KTMG,XCF,Cyclical Consumer Products
Lafe,AYB,Real Estate
Lasseters Intl,5EL,Cyclical Consumer Services
LCT,BJL,Technology Equipment
Leader Env,LS9,Industrial & Commercial Services
Lendlease Reit,JYEU,
Ley Choon,Q0X,Industrial Goods
LHN,41O,Real Estate
LHT,BEI,Applied Resources
Lian Beng,L03,Industrial & Commercial Services
Libra,5TR,Industrial & Commercial Services
LifeBrandz,1D3,Cyclical Consumer Services
Linc Energy,BRE,Energy - Fossil Fuels
Lion Asiapac,BAZ,Mineral Resources
LionGold,A78,Mineral Resources
Lippo Malls Tr,D5IU,Real Estate
Lonza,O6Z,
Lorenzo Intl,5IE,Retailers
Low Keng Huat,F1E,Industrial & Commercial Services
Lum Chang,L19,Industrial & Commercial Services
Lung Kee Bermuda,L09,Industrial Goods
Luxking,BKK,Chemicals
Luzhou Bio-Chem,L46,Food & Beverages
LY Corp,1H8,Cyclical Consumer Products
M Development,N14,Cyclical Consumer Services
Magnus Energy,41S,Energy - Fossil Fuels
Man Oriental USD,M04,Cyclical Consumer Services
Manhattan Res,L02,Transportation
ManulifeReit USD,BTOU,Real Estate
Mapletree Com Tr,N2IU,Real Estate
Mapletree Ind Tr,ME8U,Real Estate
Mapletree Log Tr,M44U,Real Estate
Mapletree NAC Tr,RW0U,Real Estate
MarcoPolo Marine,5LY,Transportation
Maruwa Yen1k,M12,Technology Equipment
Mary Chia,5OX,Personal & Household Products & Services
Matex Intl,M15,Chemicals
Maxi-Cash Fin,5UF,Retailers
MDR,A27,Retailers
Medinex,OTX,Industrial & Commercial Services
Medtecs Intl,546,Healthcare Services
MegaChem,5DS,Chemicals
MeGroup,SJY,Automobiles & Auto Parts
Memories,1H4,Cyclical Consumer Services
Memstar Tech,5MS,Chemicals
Mencast,5NF,Energy - Fossil Fuels
Mercator Lines,EE6,Transportation
Mercurius,5RF,Cyclical Consumer Products
Mermaid Maritime,DU4,Energy - Fossil Fuels
Metal Component,5DX,Mineral Resources
Metech Intl,V3M,Industrial & Commercial Services
Metro,M01,Retailers
Mewah Intl,MV4,Food & Beverages
MFG Integration,M11,Technology Equipment
Micro-Mechanics,5DD,Industrial Goods
Midas,5EN,Mineral Resources
MindChamps,CNE,Personal & Household Products & Services
Mirach Energy,AWO,Food & Beverages
Miyoshi,M03,Technology Equipment
MM2 Asia,1B0,Cyclical Consumer Services
MMP Resources,F3V,Industrial & Commercial Services
MoneyMax Fin,5WJ,Retailers
Moya Asia,5WE,Industrial & Commercial Services
MS Hldgs,40U,Industrial & Commercial Services
MSC,NPW,Mineral Resources
MSM Intl,5QR,Industrial Goods
MSM Intl R,JFAR,
MSM Intl R1,IFFR,
MTQ,M05,Energy - Fossil Fuels
Multi-Chem,AWZ,Technology Equipment
Mun Siong Engg,MF6,Industrial & Commercial Services
Murata Yen1k,PJX,
MYP,F86,Transportation
Nam Cheong,N4E,Industrial Goods
Nam Lee Metal,G0I,Cyclical Consumer Products
Natural Cool,5IF,Industrial Goods
NauticAWT,42D,Energy - Fossil Fuels
Neo,5UJ,Cyclical Consumer Services
NeraTel,N01,Technology Equipment
Net Pacific Fin,5QY,Banking & Investment Services
NetLink NBN Tr,CJLU,Telecommunications Services
New Silkroutes,BMT,Healthcare Services
New Toyo,N08,Industrial & Commercial Services
New Wave,5FX,Industrial Goods
NGSC,B07,Telecommunications Services
Nico Steel,5GF,Mineral Resources
Nippecraft,N32,Industrial & Commercial Services
No Signboard,1G6,Cyclical Consumer Services
Noble,CGP,Industrial & Commercial Services
Noel Gifts Intl,543,Retailers
Nomura Yen1k,N33,Banking & Investment Services
Nordic,MR7,Industrial Goods
NSL,N02,Mineral Resources
Ntegrator Intl,5HC,Software & IT Services
NutryFarm,AZT,Software & IT Services
OCBC Bank,O39,Banking & Investment Services
Ocean Sky Intl,1B6,Industrial & Commercial Services
Oceanus,579,Food & Beverages
OEL,584,Industrial & Commercial Services
OKH Global,S3N,Industrial & Commercial Services
OKP,5CF,Industrial & Commercial Services
Olam Intl,O32,Food & Beverages
Old Chang Kee,5ML,Cyclical Consumer Services
Olive Tree,1H2,Real Estate
OneApex,5SY,Real Estate
Ossia Intl,O08,Retailers
OUE,LJ3,Real Estate
OUE Com Reit,TS0U,Real Estate
OUE Lippo HC,5WA,Healthcare Services
Ouhua Energy,AJ2,Energy - Fossil Fuels
Overseas Edu,RQ1,Personal & Household Products & Services
Oxley,5UX,Real Estate
P5 Capital,5AI,Industrial Goods
Pacific Andes,P11,Food & Beverages
Pacific Century,P15,Holding Companies
Pacific Radiance,T8V,Energy - Fossil Fuels
Pacific Star Dev,1C5,Real Estate
Pan Asian,5EW,Utilities
Pan Hong,P36,Real Estate
Pan Ocean,AZY,Transportation
PanUnited,P52,Mineral Resources
Parkson Retail,O9E,Retailers
ParkwayLife Reit,C2PU,Real Estate
Pavillon,596,Cyclical Consumer Services
PEC,IX2,Energy - Fossil Fuels
Penguin Intl,BTM,Transportation
Perennial Hldgs,40S,Real Estate
Pharmesis Intl,BFK,
Pine Cap,ADJ,Banking & Investment Services
Plastoform,AYD,Technology Equipment
Plato Capital,5PI,Banking & Investment Services
PNE Industries,BDA,Industrial Goods
Polaris,5BI,Telecommunications Services
Pollux Prop,5AE,Real Estate
POSH,U6C,Energy - Fossil Fuels
Powermatic Data,BCY,Technology Equipment
Prime US ReitUSD,OXMU,Collective Investments
Procurri,BVQ,Software & IT Services
Progen,583,Industrial Goods
PropNex,OYY,Real Estate
Prudential USD,K6S,Insurance
PS Group,5WD,Industrial Goods
PSL,BLL,Industrial & Commercial Services
Q&M Dental,QC7,Healthcare Services
QAF,Q01,Food & Beverages
Qian Hu,BCV,Food & Beverages
QT Vascular,5I0,Healthcare Services
Raffles Edu,NR7,Industrial & Commercial Services
Raffles Infrastructure,LUY,Industrial & Commercial Services
Raffles Medical,BSL,Healthcare Services
Raffles United,K22,Industrial Goods
RE&S Hldg,1G1,Cyclical Consumer Services
Reclaims Global,NEX,Industrial & Commercial Services
Reenova Investment,5EC,Banking & Investment Services
Regal Intl,UV1,Real Estate
Renaissance United,I11,Technology Equipment
Renewable Energy,5DW,Industrial Goods
Resources Prima,5MM,Energy - Fossil Fuels
Revez,RCU,Software & IT Services
Rex Intl,5WH,Energy - Fossil Fuels
RH PetroGas,T13,Energy - Fossil Fuels
RHT HealthTrust,RF1U,Real Estate
Rich Capital,5G4,Mineral Resources
Riverstone,AP4,Healthcare Services
Roxy-Pacific,E8Z,Real Estate
Ryobi Kiso,BDN,Industrial & Commercial Services
Sabana Reit,M1GU,Real Estate
Sakae,5DO,Cyclical Consumer Services
Samko Timber,E6R,Applied Resources
SamuderaShipping,S56,Transportation
Samurai,1C3,Chemicals
San Teh,S46,Mineral Resources
Sanli Env,1.00E+03,Industrial & Commercial Services
Santak,580,Industrial Goods
Sapphire,BRD,Industrial & Commercial Services
Sarine Tech,U77,Industrial Goods
Sasseur Reit,CRPU,Real Estate
SATS,S58,Transportation
SBI Offshore,5PL,Energy - Fossil Fuels
SBS Transit,S61,Transportation
Second Chance,528,Retailers
Secura,43B,Software & IT Services
Sembcorp Ind,U96,Utilities
Sembcorp Marine,S51,Industrial Goods
Sen Yue,5BS,Mineral Resources
Serial System,S69,Industrial Goods
Seroja Inv,IW5,Transportation
Serrano,40R,Industrial & Commercial Services
SEVAK,BAI,Technology Equipment
SGX,S68,Banking & Investment Services
Shanghai Turbo,AWM,Industrial Goods
Shangri-La HKD,S07,Cyclical Consumer Services
Sheng Siong,OV8,Food & Drug Retailing
Shinvest,BJW,Technology Equipment
Shopper360,1F0,Cyclical Consumer Services
SHS,566,Energy - Fossil Fuels
SIA,C6L,Transportation
SIA Engineering,S59,Transportation
SIIC Environment,BHK,Utilities
Silkroad Nickel,STP,Industrial Goods
Silverlake Axis,5CP,Software & IT Services
Sim Leisure,URR,Cyclical Consumer Services
Sin Ghee Huat,B7K,Mineral Resources
Sin Heng Mach,BKA,Industrial & Commercial Services
Sinarmas Land,A26,Real Estate
Sincap,5UN,Mineral Resources
Sing Inv & Fin,S35,Banking & Investment Services
Singapore O&G,1D8,Healthcare Services
Singapore-eDev,40V,Software & IT Services
SingaporeKitchen,5WG,Cyclical Consumer Products
SingHaiyi,5H0,Real Estate
SingHoldings,5IC,Real Estate
SingMedical,5OT,Healthcare Services
SingMyanmar,Y45,Technology Equipment
SingPost,S08,Transportation
SingReinsurance,S49,Insurance
SingShipping,S19,Industrial Goods
SingTel,Z74,Telecommunications Services
SingTel 10,Z77,
Sinjia Land,5HH,Industrial Goods
Sino Grandness,T4B,Food & Beverages
Sino Techfibre,AD8,Cyclical Consumer Products
SinoCloud,5EK,Software & IT Services
Sinopipe,X06,Cyclical Consumer Products
Sinostar Pec,C9Q,Energy - Fossil Fuels
Sitra,5LE,Applied Resources
SK Jewellery,42G,Cyclical Consumer Products
SLB Dev,1J0,Real Estate
Soilbuild Const,S7P,Industrial & Commercial Services
SoilbuildBizReit,SV3U,Real Estate
Soon Lian,5MD,Mineral Resources
Soup Restaurant,5KI,Cyclical Consumer Services
Southern Pkg,BQP,Applied Resources
SP Corp,AWE,Industrial & Commercial Services
Spackman,40E,Cyclical Consumer Services
SPH,T39,Cyclical Consumer Services
SPHREIT,SK6U,Real Estate
Spindex Ind,564,Industrial Goods
Spura Finance,S23,Banking & Investment Services
Sri Trang Agro,NC2,
ST Engineering,S63,Industrial Goods
ST Group Food,DRX,Cyclical Consumer Services
Stamford Land,H07,Cyclical Consumer Services
Stamford Tyres,S29,Automobiles & Auto Parts
Star Pharm,AYL,
Starburst,40D,Industrial & Commercial Services
StarhillGbl Reit,P40U,Real Estate
StarHub,CC3,Telecommunications Services
Starland,5UA,Real Estate
Straco,S85,Cyclical Consumer Services
Straits Trading,S20,Mineral Resources
StratechGroup,BRR,Software & IT Services
SunMoonFood,AAJ,Food & Beverages
Sunningdale Tech,BHQ,Industrial Conglomerates
Sunpower,5GD,Industrial Goods
Sunright,S71,Technology Equipment
Sunrise Shares,581,Industrial Goods
Suntar Eco-City,BKZ,
Suntec Reit,T82U,Real Estate
SunVic Chemical,A7S,Chemicals
SUTL Enterprise,BHU,Retailers
Swee Hong,QF6,Industrial & Commercial Services
Swiber,BGK,Energy - Fossil Fuels
Swing Media Tech,BEV,Technology Equipment
Swissco Hldg,ADP,Energy - Fossil Fuels
Synagie,V2Y,Telecommunications Services
Sysma,5UO,Industrial & Commercial Services
TA,PA3,Real Estate
Tai Sin Electric,500,Cyclical Consumer Products
TalkMed,5G3,Healthcare Services
Tat Seng Pkg,T12,Applied Resources
TCIL HK$,T15,Retailers
Tech Oil & Gas,5CQ,Energy - Fossil Fuels
Teckwah,561,Industrial & Commercial Services
TEE Intl,M1Z,Industrial & Commercial Services
TEE Land,S9B,Real Estate
Teho Intl,5OQ,Industrial Goods
TeleChoice Intl,T41,Technology Equipment
ThaiBev,Y92,Food & Beverages
Thakral,AWI,Technology Equipment
The Place Hldg,E27,Technology Equipment
TheHourGlass,AGS,Retailers
Thomson Medical,A50,Healthcare Services
Tianjin ZX USD,T14,
TIH,T55,Banking & Investment Services
Tiong Seng,BFI,Industrial & Commercial Services
Tiong Woon,BQM,Industrial Goods
TLV,42L,Retailers
Top Global,BHO,Real Estate
Top Glove,BVA,Healthcare Services
Tosei,S2D,Real Estate
TPV Tech,T18,Technology Equipment
Transcorp,T19,Cyclical Consumer Products
Transit Concrete,570,Mineral Resources
Travelite,BCZ,Retailers
Trek 2000 Intl,5AB,Technology Equipment
Trendlines,42T,Cyclical Consumer Services
TrickleStar,CYW,Industrial Goods
Tritech,5G9,Industrial & Commercial Services
Triyards,RC5,Energy - Fossil Fuels
TSH,KUH,Cyclical Consumer Services
TT Intl,T09,Retailers
TTJ,K1Q,Industrial & Commercial Services
Tuan Sing,T24,Real Estate
Tung Lok Rest,540,Cyclical Consumer Services
Tye Soon,BFU,Retailers
UG Healthcare,41A,Healthcare Services
UIC,U06,Real Estate
UMS,558,Technology Equipment
Uni-Asia Grp,CHJ,Real Estate
Union Gas,1F2,Utilities
Union Steel,BLA,Mineral Resources
United Engineers,U04,Real Estate
United Food,AZR,Food & Beverages
United Global,43P,Energy - Fossil Fuels
Universal Res,BGO,Energy - Fossil Fuels
UnUsUaL,1D1,Industrial & Commercial Services
UOA,EH5,Real Estate
UOB,U11,Banking & Investment Services
UOB Kay Hian,U10,Banking & Investment Services
UOI,U13,Insurance
UOL,U14,Real Estate
USP Group,BRS,Energy - Fossil Fuels
Vallianz,WPC,Transportation
ValueMax,T6I,Banking & Investment Services
Valuetronics,BN2,Technology Equipment
Vashion,1F4,Retailers
Venture,V03,Technology Equipment
Versalink,40N,Industrial & Commercial Services
Vibrant Group,BIP,Transportation
VibroPower,BJD,Industrial Goods
VICOM,V01,Industrial & Commercial Services
Vicplas Intl,569,Cyclical Consumer Products
Viking Offshore,557,Energy - Fossil Fuels
Vividthree,OMK,Cyclical Consumer Services
Wee Hur,E3B,Industrial & Commercial Services
Willas-Array,BDR,Technology Equipment
Wilmar Intl,F34,Food & Beverages
Wilton Resources,5F7,Mineral Resources
Winas,5CN,Transportation
Wing Tai,W05,Real Estate
Wong Fong Ind,1A1,Industrial Goods
World Class Gbl,1.00E+06,Cyclical Consumer Products
World Precision,B49,Industrial Goods
XMH,BQF,Industrial Goods
Y Ventures,1F1,Software & IT Services
Yamada Green Res,BJV,Food & Beverages
Yanlord Land,Z25,Real Estate
Yeo Hiap Seng,Y03,Food & Beverages
YHI Intl,BPF,Automobiles & Auto Parts
Yinda Infocomm,42F,Telecommunications Services
Ying Li Intl,5DM,Real Estate
Yoma Strategic,Z59,Real Estate
Yongmao,BKX,Industrial Goods
Yongnam,AXB,Industrial & Commercial Services
Yorkshine,MR8,Mineral Resources
Yunnan Energy,T43,Technology Equipment
YuuZoo Networks,AFC,Software & IT Services
YZJ Shipbldg CNY,SO7,
YZJ Shipbldg SGD,BS6,Industrial Goods
Zhongmin Baihui,5SR,Retailers
Zhongxin Fruit,5EG,Food & Beverages
ZICO Hldgs,40W,Industrial & Commercial Services
